<blueprint xmlns="http://www.osgi.org/xmlns/blueprint/v1.0.0"
           xmlns:xsi="http://www.w3.org/2001/XMLSchema-instance"
           xmlns:jaxrs="http://cxf.apache.org/blueprint/jaxrs"
           xmlns:cxf="http://cxf.apache.org/blueprint/core"
           xsi:schemaLocation="
http://www.osgi.org/xmlns/blueprint/v1.0.0 http://www.osgi.org/xmlns/blueprint/v1.0.0/blueprint.xsd
http://cxf.apache.org/blueprint/jaxrs http://cxf.apache.org/schemas/blueprint/jaxrs.xsd
http://cxf.apache.org/blueprint/core http://cxf.apache.org/schemas/blueprint/core.xsd">

    <cxf:bus id="bus">
        <cxf:features>
            <!-- <cxf:logging /> -->
        </cxf:features>
    </cxf:bus>

    <jaxrs:server address="/api/v1" id="ids_rest_api">

        <!-- This is where API endpoints are registered for CXF -->
        <jaxrs:serviceBeans>
            <bean id="app" class="de.fhg.aisec.ids.webconsole.api.AppApi"/>
            <bean id="certs" class="de.fhg.aisec.ids.webconsole.api.CertApi"/>
            <bean id="config" class="de.fhg.aisec.ids.webconsole.api.ConfigApi"/>
            <bean id="connections" class="de.fhg.aisec.ids.webconsole.api.ConnectionAPI"/>
            <bean id="metric" class="de.fhg.aisec.ids.webconsole.api.MetricAPI"/>
            <bean id="policy" class="de.fhg.aisec.ids.webconsole.api.PolicyApi"/>
            <bean id="route" class="de.fhg.aisec.ids.webconsole.api.RouteApi"/>
            <bean id="settings" class="de.fhg.aisec.ids.webconsole.api.SettingsApi"/>
            <bean id="user" class="de.fhg.aisec.ids.webconsole.api.UserApi"/>
        </jaxrs:serviceBeans>

        <jaxrs:providers>
            <bean class="de.fhg.aisec.ids.webconsole.api.CORSResponseFilter"/>
            <bean class="de.fhg.aisec.ids.webconsole.api.JWTRestAPIFilter"/>
            <!-- Use Jackson JSON provider to support JSON representation of Java collections. Requires cxf-jackson feature. -->
            <bean id="jsonProvider" class="com.fasterxml.jackson.jaxrs.json.JacksonJsonProvider">
                <property name="mapper" ref="jacksonMapper"/>
            </bean>
            <!-- <ref component-id="authenticationFilter"/> -->
        </jaxrs:providers>
    </jaxrs:server>

    <!-- <bean id="jacksonMapper" class="com.fasterxml.jackson.databind.ObjectMapper"/> -->
    <bean id="jacksonMapper" class="de.fhg.aisec.ids.informationmodelmanager.deserializer.CustomObjectMapper"/>

    <bean id="authenticationFilter" class="org.apache.cxf.jaxrs.security.JAASAuthenticationFilter">
        <property name="contextName" value="karaf"/>
        <property name="realmName" value="connector-api"/>
    </bean>

    <bean id="authorizationInterceptor" class="org.apache.cxf.interceptor.security.SimpleAuthorizingInterceptor">
        <property name="globalRoles" value="api"/>
    </bean>

</blueprint>
