<?xml version="1.0"?>
<!--

    Copyright 2020 Fraunhofer Institute for Software and Systems Engineering

    Licensed under the Apache License, Version 2.0 (the "License");
    you may not use this file except in compliance with the License.
    You may obtain a copy of the License at

       http://www.apache.org/licenses/LICENSE-2.0

    Unless required by applicable law or agreed to in writing, software
    distributed under the License is distributed on an "AS IS" BASIS,
    WITHOUT WARRANTIES OR CONDITIONS OF ANY KIND, either express or implied.
    See the License for the specific language governing permissions and
    limitations under the License.

-->
<ruleset name="Dataspace Connector Rules"
        xmlns="http://pmd.sourceforge.net/ruleset/2.0.0"
        xmlns:xsi="http://www.w3.org/2001/XMLSchema-instance"
        xsi:schemaLocation="http://pmd.sourceforge.net/ruleset/2.0.0 https://pmd.sourceforge.io/ruleset_2_0_0.xsd">
    <description>
            Rules for the Dataspace Connector
    </description>

    <rule ref="category/java/bestpractices.xml"></rule>
    <rule ref="category/java/codestyle.xml">
        <!-- Small methods are only bloated, big methods should raise eyebrows in code review -->
        <exclude name="OnlyOneReturn"/>
        <!-- Too many false positives -->
        <exclude name="LongVariable"/>
        <!-- Conflicts quite often with unnecessary constructor rule -->
        <exclude name="AtLeastOneConstructor"/>
    </rule>
    <rule ref="category/java/design.xml">
        <exclude name="LoosePackageCoupling"/>
        <!-- There are too many false positives especially with streams -->
        <exclude name="LawOfDemeter"/>
    </rule>
    <rule ref="category/java/documentation.xml"></rule>
    <rule ref="category/java/errorprone.xml"></rule>
    <rule ref="category/java/multithreading.xml"></rule>
    <rule ref="category/java/performance.xml"></rule>
    <rule ref="category/java/security.xml"></rule>

    <rule ref="category/java/documentation.xml/CommentSize">
        <properties>
            <property name="maxLines" value="15" />
            <property name="maxLineLength" value="100" />
        </properties>
    </rule>
</ruleset>
